{
	"credit": "Made with Blockbench",
	"textures": {
		"6": "block/debug",
		"particle": "block/basalt_top"
	},
	"elements": [
		{
			"from": [9.56705, 7.48444, 5.09349],
			"to": [9.98205, 7.89944, 5.92349],
			"rotation": {"angle": 45, "axis": "z", "origin": [9.78752, 7.69194, 5.50849]},
			"faces": {
				"north": {"uv": [2.875, 6.75, 4.125, 6.625], "rotation": 90, "texture": "#6"},
				"east": {"uv": [2.875, 6.75, 4.125, 6.625], "rotation": 90, "texture": "#6"},
				"south": {"uv": [2.875, 6.75, 4.125, 6.625], "rotation": 90, "texture": "#6"},
				"west": {"uv": [2.875, 6.75, 4.125, 6.625], "rotation": 90, "texture": "#6"},
				"up": {"uv": [2.875, 6.75, 4.125, 6.625], "rotation": 90, "texture": "#6"},
				"down": {"uv": [2.875, 6.75, 4.125, 6.625], "rotation": 90, "texture": "#6"}
			}
		},
		{
			"from": [9.65005, 7.56744, 4.92749],
			"to": [9.89905, 7.81644, 6.08949],
			"rotation": {"angle": 45, "axis": "z", "origin": [9.78752, 7.69194, 5.50849]},
			"faces": {
				"north": {"uv": [0.875, 6.5, 1.875, 6.75], "rotation": 90, "texture": "#6"},
				"east": {"uv": [0.875, 6.5, 1.875, 6.75], "rotation": 90, "texture": "#6"},
				"south": {"uv": [0.875, 6.5, 1.875, 6.75], "rotation": 90, "texture": "#6"},
				"west": {"uv": [0.875, 6.5, 1.875, 6.75], "rotation": 90, "texture": "#6"},
				"up": {"uv": [0.875, 6.5, 1.875, 6.75], "rotation": 90, "texture": "#6"},
				"down": {"uv": [0.875, 6.5, 1.875, 6.75], "rotation": 90, "texture": "#6"}
			}
		},
		{
			"from": [9.5463, 7.67119, 4.71999],
			"to": [10.02874, 7.71269, 4.94824],
			"rotation": {"angle": 45, "axis": "z", "origin": [9.78752, 7.69194, 5.50849]},
			"faces": {
				"north": {"uv": [0.875, 6.5, 1.875, 6.75], "rotation": 90, "texture": "#6"},
				"east": {"uv": [0.875, 6.5, 1.875, 6.75], "rotation": 90, "texture": "#6"},
				"south": {"uv": [0.875, 6.5, 1.875, 6.75], "rotation": 90, "texture": "#6"},
				"west": {"uv": [0.875, 6.5, 1.875, 6.75], "rotation": 90, "texture": "#6"},
				"up": {"uv": [0.875, 6.5, 1.875, 6.75], "rotation": 90, "texture": "#6"},
				"down": {"uv": [0.875, 6.5, 1.875, 6.75], "rotation": 90, "texture": "#6"}
			}
		},
		{
			"from": [9.5463, 7.67119, 6.06874],
			"to": [10.02874, 7.71269, 6.29699],
			"rotation": {"angle": 45, "axis": "z", "origin": [9.78752, 7.69194, 5.50849]},
			"faces": {
				"north": {"uv": [0.875, 6.5, 1.875, 6.75], "rotation": 90, "texture": "#6"},
				"east": {"uv": [0.875, 6.5, 1.875, 6.75], "rotation": 90, "texture": "#6"},
				"south": {"uv": [0.875, 6.5, 1.875, 6.75], "rotation": 90, "texture": "#6"},
				"west": {"uv": [0.875, 6.5, 1.875, 6.75], "rotation": 90, "texture": "#6"},
				"up": {"uv": [0.875, 6.5, 1.875, 6.75], "rotation": 90, "texture": "#6"},
				"down": {"uv": [0.875, 6.5, 1.875, 6.75], "rotation": 90, "texture": "#6"}
			}
		},
		{
			"from": [9.5629, 7.48029, 5.71521],
			"to": [9.9862, 7.90359, 5.79458],
			"rotation": {"angle": 45, "axis": "z", "origin": [9.78752, 7.69194, 5.50849]},
			"faces": {
				"north": {"uv": [8.75, 8.375, 8.25, 8.75], "rotation": 180, "texture": "#6"},
				"east": {"uv": [8.75, 8.375, 8.25, 8.75], "rotation": 180, "texture": "#6"},
				"south": {"uv": [8.75, 8.375, 8.25, 8.75], "rotation": 180, "texture": "#6"},
				"west": {"uv": [8.75, 8.375, 8.25, 8.75], "rotation": 180, "texture": "#6"},
				"up": {"uv": [8.75, 8.375, 8.25, 8.75], "rotation": 90, "texture": "#6"},
				"down": {"uv": [8.75, 8.375, 8.25, 8.75], "rotation": 270, "texture": "#6"}
			}
		},
		{
			"from": [9.5629, 7.48029, 5.24834],
			"to": [9.9862, 7.90359, 5.32771],
			"rotation": {"angle": 45, "axis": "z", "origin": [9.78752, 7.69194, 5.50849]},
			"faces": {
				"north": {"uv": [8.75, 8.375, 8.25, 8.75], "rotation": 180, "texture": "#6"},
				"east": {"uv": [8.75, 8.375, 8.25, 8.75], "rotation": 180, "texture": "#6"},
				"south": {"uv": [8.75, 8.375, 8.25, 8.75], "rotation": 180, "texture": "#6"},
				"west": {"uv": [8.75, 8.375, 8.25, 8.75], "rotation": 180, "texture": "#6"},
				"up": {"uv": [8.75, 8.375, 8.25, 8.75], "rotation": 90, "texture": "#6"},
				"down": {"uv": [8.75, 8.375, 8.25, 8.75], "rotation": 270, "texture": "#6"}
			}
		},
		{
			"from": [9.54147, 7.67078, 4.79734],
			"to": [10.03356, 7.71311, 4.84496],
			"rotation": {"angle": 45, "axis": "z", "origin": [9.78752, 7.69194, 5.50849]},
			"faces": {
				"north": {"uv": [8.375, 8.5, 8.625, 8.75], "rotation": 180, "texture": "#6"},
				"east": {"uv": [8.375, 8.5, 8.625, 8.75], "rotation": 180, "texture": "#6"},
				"south": {"uv": [8.375, 8.5, 8.625, 8.75], "rotation": 180, "texture": "#6"},
				"west": {"uv": [8.375, 8.5, 8.625, 8.75], "rotation": 180, "texture": "#6"},
				"up": {"uv": [8.375, 8.5, 8.625, 8.75], "rotation": 90, "texture": "#6"},
				"down": {"uv": [8.375, 8.5, 8.625, 8.75], "rotation": 270, "texture": "#6"}
			}
		},
		{
			"from": [9.54147, 7.67078, 6.17202],
			"to": [10.03356, 7.71311, 6.21965],
			"rotation": {"angle": 45, "axis": "z", "origin": [9.78752, 7.69194, 5.50849]},
			"faces": {
				"north": {"uv": [8.375, 8.5, 8.625, 8.75], "rotation": 180, "texture": "#6"},
				"east": {"uv": [8.375, 8.5, 8.625, 8.75], "rotation": 180, "texture": "#6"},
				"south": {"uv": [8.375, 8.5, 8.625, 8.75], "rotation": 180, "texture": "#6"},
				"west": {"uv": [8.375, 8.5, 8.625, 8.75], "rotation": 180, "texture": "#6"},
				"up": {"uv": [8.375, 8.5, 8.625, 8.75], "rotation": 90, "texture": "#6"},
				"down": {"uv": [8.375, 8.5, 8.625, 8.75], "rotation": 270, "texture": "#6"}
			}
		}
	],
	"gui_light": "front",
	"display": {
		"thirdperson_righthand": {
			"rotation": [0, 34, 0],
			"translation": [-2, 0.75, 10.5],
			"scale": [4, 4, 4]
		},
		"thirdperson_lefthand": {
			"rotation": [0, 18, 0],
			"translation": [8.75, 0.75, 5.75],
			"scale": [4, 4, 4]
		},
		"firstperson_righthand": {
			"rotation": [0, 34, 0],
			"translation": [3.25, 1.5, 10.5],
			"scale": [4, 4, 4]
		},
		"firstperson_lefthand": {
			"rotation": [0, 34, 0],
			"translation": [18.25, 0, 0],
			"scale": [4, 4, 4]
		},
		"ground": {
			"rotation": [0, 0, -46],
			"translation": [-2.75, 4.5, 10.75],
			"scale": [4, 4, 4]
		},
		"gui": {
			"rotation": [90, 29, 45],
			"translation": [-2.25, -11, -4],
			"scale": [4, 4, 4]
		},
		"head": {
			"rotation": [4, 40, -49],
			"translation": [4.25, -25, 8],
			"scale": [4, 4, 4]
		},
		"fixed": {
			"rotation": [90, 29, 45],
			"translation": [-6, -17, -4],
			"scale": [4, 4, 4]
		}
	},
	"groups": [
		{
			"name": "group",
			"origin": [-0.18047, -0.0025, -0.1575],
			"color": 0,
			"nbt": "{}",
			"armAnimationEnabled": false,
			"children": [
				{
					"name": "group",
					"origin": [7.90835, 8.09165, 7.87891],
					"color": 0,
					"nbt": "{}",
					"armAnimationEnabled": false,
					"children": [0, 1, 2, 3]
				},
				{
					"name": "group",
					"origin": [7.90835, 8.09165, 7.87891],
					"color": 0,
					"nbt": "{}",
					"armAnimationEnabled": false,
					"children": [4, 5, 6, 7]
				}
			]
		}
	]
}